DATE,SPY_R,QQQ_R,VWO_R,EWC_R,EFA_R,VGK_R,IOO_R,SHY_R,IEF_R,TIP_R,IYR_R
2006-04-01,,,,,,,,,,,
2006-05-01,-0.030120909,-0.07240149,-0.112919106,-0.022525818,-0.03821829,-0.029334725,-0.029170196,0.001704154,-0.001520511,0.003130659,-0.033051905
2006-06-01,-0.00180365,-0.00128773,-0.000932551,-0.022633921,-0.000611454,0.010129981,-0.000603772,0.002295861,0.00227884,0.003669714,0.036363578
2006-07-01,0.008918091,-0.042431187,0.018513049,0.001262974,0.008105177,0.010362723,0.020697841,0.006519123,0.016539912,0.015080502,0.046101735
2006-08-01,0.021822527,0.047709893,0.014815666,0.040790918,0.025485399,0.032423589,0.029454906,0.007392351,0.017596873,0.016621378,0.029790652
2006-09-01,0.022504255,0.045793396,0.010535993,-0.030303627,0.002218908,0.011216255,0.011071393,0.004377861,0.012215866,0.001070201,0.014463652
2006-10-01,0.036053207,0.048081561,0.05078943,0.047500324,0.037490908,0.036919795,0.03114347,0.004140006,0.005368037,0.000391364,0.074619493
2006-11-01,0.019885502,0.034288265,0.07328118,0.025059519,0.030729628,0.037591525,0.021376056,0.004798572,0.01321825,0.009620322,0.046257127
2006-12-01,0.007756388,-0.01998188,0.022054999,-0.017462037,0.010628193,0.003829115,0.000810326,-0.002279999,-0.015514637,-0.017542407,-0.030250141
2007-01-01,0.020695793,0.022327916,0.018462773,0.012083901,0.035344069,0.042898703,0.027931951,0.008302429,0.002495225,0.002328496,0.111012746
2007-02-01,-0.019617313,-0.016791139,-0.023240354,0.005919458,-0.001212014,-0.012422369,-0.024191352,0.00349658,0.016685681,0.019791607,-0.035776676
2007-03-01,0.007592184,0.004615489,0.042564082,0.025892387,0.028995384,0.037296672,0.014107342,0.004883287,-0.000888022,0.000495035,-0.032792183
2007-04-01,0.048437796,0.056488948,0.038037312,0.061185781,0.037483374,0.057529652,0.054970242,0.002758882,0.005478552,0.005737537,0.010730843
2007-05-01,0.033920376,0.031549281,0.066568754,0.084684515,0.023623033,0.021333618,0.028805717,-0.000562379,-0.013831592,-0.01326985,0.00152051
2007-06-01,-0.018849735,0.004007462,0.045464973,-0.007973508,-0.003208531,-0.003524746,-0.000995452,0.004695933,-0.004927064,-0.002826605,-0.095772217
2007-07-01,-0.027135179,-0.000689532,0.035163089,0,-0.022904627,-0.028429455,-0.022421264,0.008881878,0.022733719,0.023080595,-0.081957492
2007-08-01,0.012832667,0.028192543,-0.000106369,0.001339628,-0.006335599,0.002697087,0.008791788,0.010508328,0.022591662,0.008221871,0.052556833
2007-09-01,0.03380996,0.05197417,0.098317724,0.094648692,0.053175273,0.051640325,0.049766465,0.005494185,0.000811616,0.012871877,0.031983741
2007-10-01,0.018374885,0.070971274,0.130082841,0.102352433,0.042499193,0.047442786,0.029960193,0.004898326,0.011046541,0.011947428,0.016606187
2007-11-01,-0.038732485,-0.067599375,-0.085266133,-0.115576085,-0.036236979,-0.037602269,-0.029439077,0.017856236,0.040664413,0.042177021,-0.09123959
2007-12-01,-0.016480344,-0.001754192,-0.027777815,0.006580679,-0.053988756,-0.050868818,-0.025397403,-3.25026E-05,-0.003003451,-0.005338722,-0.061696383
2008-01-01,-0.055474748,-0.11798045,-0.073075199,-0.045669532,-0.054921198,-0.060909305,-0.07125514,0.023438647,0.040856317,0.045190294,0.01259689
2008-02-01,-0.025842346,-0.0483049,0.028770299,0.057133264,-0.010229275,-0.002936806,-0.020827457,0.007659973,0.009229293,0.009034444,-0.041964462
2008-03-01,-0.013824837,0.017927903,-0.036775263,-0.05310832,0.004189959,0.013107411,0.00690602,0.003248249,0.013413377,-0.000944952,0.033169388
2008-04-01,0.052849107,0.080669544,0.084334913,0.070933858,0.054380962,0.040994095,0.052263132,-0.00852627,-0.024474308,-0.020817493,0.069869721
2008-05-01,0.015116244,0.059309948,0.017850045,0.078557887,0.011871603,0.00670293,-0.006518074,-0.003316571,-0.017526732,0.008569531,0.008130111
2008-06-01,-0.088136619,-0.096780756,-0.098092083,-0.052841857,-0.104810062,-0.089887491,-0.095131793,0.001705068,0.011078283,0.01422521,-0.124423857
2008-07-01,-0.0040291,0.007122066,-0.047222171,-0.051280334,-0.014905029,-0.028806609,0.008776232,0.004390646,0.007405543,-0.005099393,0.035072157
2008-08-01,0.015454063,0.014518497,-0.079165792,-0.030940868,-0.042475854,-0.038449299,-0.015195872,0.004098236,0.015141507,0.005746186,0.018138287
2008-09-01,-0.099386709,-0.156331204,-0.155869569,-0.132982265,-0.114362219,-0.128937575,-0.07833817,0.008160794,-0.001263544,-0.039144955,-0.023332975
2008-10-01,-0.160354469,-0.154146618,-0.272648638,-0.271829613,-0.208348327,-0.218287391,-0.152446918,0.010514778,-0.008755417,-0.081112819,-0.304357408
2008-11-01,-0.069606774,-0.114624374,-0.086473582,-0.107925327,-0.063719661,-0.073825483,-0.069895465,0.010511975,0.077308577,0.016798797,-0.215510969
2008-12-01,0.00166496,0.021291324,0.023447309,0.018702501,0.075005514,-0.007246216,0.023891961,0.00224119,0.048008171,0.065035429,0.115338273
2009-01-01,-0.074662811,-0.021446165,-0.041850338,-0.022315914,-0.126339319,-0.069776964,-0.114834938,0.002891371,-0.032088485,-0.000403074,-0.13666376
2009-02-01,-0.10744927,-0.052650005,-0.02375388,-0.096407305,-0.103876086,-0.103782245,-0.108188528,-0.003084761,-0.010137266,-0.021976089,-0.197830123
2009-03-01,0.075612153,0.101344394,0.124045816,0.090788329,0.083909993,0.076975,0.083611528,0.005096643,0.033305905,0.059059721,0.012728558
2009-04-01,0.107214267,0.132476178,0.17444802,0.138517713,0.115190313,0.131661529,0.090413597,-0.001788612,-0.027658754,-0.022481389,0.325360026
2009-05-01,0.058454003,0.032088847,0.178894454,0.232657784,0.131917872,0.142659313,0.102887058,0.000245195,-0.020902736,0.018337409,0.022727367
2009-06-01,-0.006268284,0.028264521,-0.02452494,-0.072727368,-0.034562347,-0.023515111,-0.029521711,-0.00051596,-0.005556272,0.004561637,-0.039407579
2009-07-01,0.080675534,0.085720574,0.10905098,0.134752461,0.123796028,0.113455729,0.118233917,0.001324923,0.008514597,0.000695115,0.122541736
2009-08-01,0.036939718,0.014702027,-0.007084584,-0.017355311,0.045030445,0.054849543,0.04005149,0.004090496,0.007516392,0.008002564,0.131938977
2009-09-01,0.030548884,0.055458509,0.099600804,0.071488205,0.037965275,0.048192567,0.038688214,0.002414537,0.011335018,0.015304055,0.051502863
2009-10-01,-0.014553738,-0.029594087,-0.024137099,-0.063971207,-0.0252379,-0.025811481,-0.011500444,0.001407374,-0.001312668,0.020207561,-0.041178075
2009-11-01,0.061606652,0.063476468,0.071808451,0.086373114,0.039212217,0.045332219,0.055218022,0.004934054,0.014409967,0.025081246,0.070776271
2009-12-01,0.013643647,0.050275293,0.017370017,0.01620952,-0.001985897,-0.040000201,-0.008556751,-0.014016356,-0.039888765,-0.021838005,0.057577244
2010-01-01,-0.031154483,-0.063138606,-0.054658346,-0.063045733,-0.042011971,-0.025965962,-0.046399745,0.015987578,0.027893132,0.019637559,-0.043957199
2010-02-01,0.031194957,0.046038895,0.018828151,0.06014738,0.002667648,-0.005501614,0.007730093,0.00059759,0,-0.014977562,0.054570541
2010-03-01,0.056528996,0.075960758,0.081878744,0.077190282,0.063854342,0.065058432,0.059972031,-0.002584048,-0.009955115,0.001879076,0.086899614
2010-04-01,0.01965156,0.023516614,-0.002135334,0.011465245,-0.028046077,-0.038022004,-0.022368226,0.002938255,0.016365294,0.020828273,0.074242142
2010-05-01,-0.079454409,-0.073923782,-0.091773392,-0.072972045,-0.111927846,-0.117494453,-0.09757747,0.004555383,0.029166081,0.004651861,-0.056835272
2010-06-01,-0.056231247,-0.063377151,-0.005497312,-0.049675128,-0.037458622,-0.016397809,-0.053504838,0.004277511,0.030707143,0.009185115,-0.054854808
2010-07-01,0.073383271,0.076728592,0.102132081,0.079147476,0.135630005,0.141826435,0.12598749,0.001917994,0.009299216,4.80797E-05,0.103486307
2010-08-01,-0.044980056,-0.05129947,-0.025554911,-0.021005266,-0.037950404,-0.045761425,-0.044420663,0.002413724,0.033523474,0.020261905,-0.012972037
2010-09-01,0.083752222,0.129084817,0.114215072,0.073946425,0.0997197,0.112582798,0.085347693,0.001200229,0.000109355,0.00939777,0.037269436
2010-10-01,0.043760246,0.065869107,0.031016366,0.031751468,0.038055362,0.048850707,0.04317296,0.002253849,6.47324E-05,0.023757161,0.048379232
2010-11-01,0,-0.001724801,-0.028376433,0.014177146,-0.048237216,-0.078082225,-0.03744457,-0.002071699,-0.009008139,-0.017956801,-0.015829565
2010-12-01,0.061271085,0.045497984,0.057312486,0.056938322,0.072981909,0.042029507,0.062446601,-0.002413133,-0.036929744,-0.015653978,0.03457203
2011-01-01,0.028681549,0.030316577,-0.017684756,0.020085506,0.030564013,0.085963928,0.042601885,0.002882967,0.004897946,0.004286598,0.046921011
2011-02-01,0.034737296,0.031607265,-0.001720743,0.076062447,0.035498068,0.031237467,0.031371413,-0.002021571,-0.004584021,0.00567213,0.04520398
2011-03-01,-0.004205593,-0.005885705,0.054729123,-0.001782024,-0.023882877,-0.010287597,-0.015961588,-0.001217547,-0.001353146,0.010880801,-0.019478777
2011-04-01,0.033431413,0.030182297,0.03370804,0.00267788,0.056258095,0.083156882,0.054016838,0.005268235,0.018051963,0.020907602,0.055752956
2011-05-01,-0.011214467,-0.012187317,-0.029446612,-0.023738888,-0.022061176,-0.028434338,-0.025987183,0.003655153,0.025174197,0.002647358,0.010133313
2011-06-01,-0.021719865,-0.02244644,-0.009977994,-0.037386127,-0.030937723,-0.020852551,-0.03100328,-4.51765E-05,-0.005019388,0.003377316,-0.039808949
2011-07-01,-0.015145817,0.018931724,-0.006169866,-0.016525189,-0.004808348,-0.045955516,-0.008761125,0.002919839,0.031816479,0.041762659,0.011287463
2011-08-01,-0.05497572,-0.050689567,-0.090852713,-0.033936822,-0.08754896,-0.092813582,-0.077239131,0.003448854,0.04651093,0.00819398,-0.053119107
2011-09-01,-0.074210629,-0.046676465,-0.184384405,-0.147206314,-0.108082775,-0.122382971,-0.082163502,-0.000931367,0.022564017,0.004939081,-0.11621808
2011-10-01,0.114885615,0.106067301,0.159084854,0.107885537,0.096274525,0.124200423,0.107235978,0.00040058,-0.012652223,0.019249143,0.144109376
2011-11-01,-0.004063777,-0.026919773,-0.017096153,-0.027620595,-0.021764017,-0.028658608,-0.017517197,0.000462204,0.005787334,0.003665095,-0.036687573
2011-12-01,0.004080359,-0.009930754,-0.063938851,-0.031318021,-0.033372641,-0.066892178,-0.006685944,9.44959E-05,0.018129206,0.002670568,0.030286361
2012-01-01,0.053010589,0.088333141,0.134249036,0.071660396,0.065353416,0.103718692,0.05760997,0.00182348,0.012395081,0.024996805,0.07717106
2012-02-01,0.043405622,0.064100646,0.054334546,0.032372631,0.048331364,0.054246033,0.03798501,-0.001773689,-0.012772427,-0.005781023,-0.006935255
2012-03-01,0.027660243,0.048750249,-0.025990995,-0.02343207,0.004207834,0.000650934,0.011774223,-0.000817705,-0.015737782,-0.008594676,0.035916052
2012-04-01,-0.002322532,-0.010017396,-0.020934104,0.000705902,-0.020768833,-0.024951155,-0.019814422,0.002075412,0.024992028,0.015044254,0.034768858
2012-05-01,-0.060055695,-0.070401473,-0.106673037,-0.107193264,-0.111441676,-0.119714973,-0.08952365,0.000592907,0.028823686,0.018631711,-0.04209063
2012-06-01,0.035217104,0.033838279,0.050236566,0.020537162,0.046063519,0.082659213,0.038061811,-0.00097106,-0.00412879,-0.009739286,0.044430161
2012-07-01,0.017072002,0.012296392,0.002003219,0.025827075,0.024115555,0.003268693,0.026371455,0.002228677,0.014105179,0.021305374,0.032339148
2012-08-01,0.025052501,0.051851822,0.00249972,0.046025022,0.032000043,0.046776634,0.022570051,7.1424E-05,-0.001172565,0.000488318,0.003056792
2012-09-01,0.019906884,0.006015529,0.040139605,0.036000038,0.027131759,0.006224907,0.027837301,0.000190125,-0.003385689,0.005118053,-0.019046646
2012-10-01,-0.012957371,-0.050091942,0.006881092,0,0.01094344,0.041051306,0.002083424,-0.000663357,-0.003875247,0.006241831,0.002072405
2012-11-01,0.005659781,0.013087386,0.012774323,-0.013338075,0.027808865,0.024750041,0.005437457,0.000496748,0.00974767,0.003183152,-0.005781183
2012-12-01,0.001829029,-0.0101824,0.059733764,0.010316816,0.032504293,0.034746013,0.017337151,-0.000236234,-0.010711209,-0.00984429,0.01634426
2013-01-01,0.058646031,0.032434107,0.011001668,0.030118568,0.048644263,0.051170586,0.062889387,0.000603624,-0.010297022,-0.001174146,0.053007918
2013-02-01,0.012758216,0.003439323,-0.023564061,-0.022514859,-0.012885761,-0.033968141,-0.010263067,0.000355686,0.009990713,0.001904552,0.012635954
2013-03-01,0.033375568,0.027868867,-0.014019534,0.010276398,0.013053972,-0.001422862,0.018785788,0.000367177,0.00300312,0.002148459,0.019964686
2013-04-01,0.023745318,0.027746319,0.021448557,-0.017186852,0.050186523,0.050438344,0.035993512,0.00068724,0.015084207,0.007256526,0.066285159
2013-05-01,0.023609722,0.035774745,-0.050731418,-0.010349829,-0.030190499,0.000194708,0.006264802,-0.001325555,-0.030942796,-0.043741077,-0.064933038
2013-06-01,-0.01853749,-0.027030108,-0.06620092,-0.056977905,-0.046113059,-0.063072016,-0.044007249,-0.000983962,-0.025566894,-0.037985929,-0.032901575
2013-07-01,0.057241944,0.066503102,0.020604197,0.068952645,0.074575843,0.097557095,0.066137861,0.001625098,-0.003534829,0.010213976,0.011814141
2013-08-01,-0.029992809,-0.003959108,-0.034306181,-0.00868637,-0.019552575,-0.014671621,-0.029067569,-0.000983529,-0.014251431,-0.017564585,-0.06532514
2013-09-01,0.026642357,0.045183389,0.063891916,0.033588778,0.07824896,0.067789925,0.045487717,0.002230211,0.018338386,0.01724636,0.024903539
2013-10-01,0.051406741,0.052720516,0.052046427,0.037089457,0.032601866,0.045704171,0.042952403,0.000688043,0.007783112,0.003953782,0.047024136
2013-11-01,0.02963771,0.035511335,-0.009314695,-0.009196163,0.005464371,0.010214854,0.021457979,0.000922994,-0.008831096,-0.011188068,-0.046395618
2013-12-01,0.020386757,0.02601208,-0.008196667,0.002406253,0.012983321,0.025104591,0.007828854,-0.002022078,-0.02256133,-0.014291095,-0.000316509
2014-01-01,-0.030010655,-0.016097899,-0.079405954,-0.028970697,-0.043796814,-0.041750603,-0.039825891,0.002489253,0.033997869,0.021842926,0.044089711
2014-02-01,0.045515814,0.047177289,0.032386792,0.044754835,0.06131111,0.073427137,0.050932961,0.000118084,0.001858216,0.004366863,0.047509313
2014-03-01,0.003865227,-0.025526289,0.043455737,0.012679859,-0.004591942,-0.021252061,0.008941594,-0.001029174,-0.005519968,-0.005323831,-0.00994861
2014-04-01,0.011395444,-0.000914561,0.011595827,0.033502576,0.016666601,0.042155543,0.020934648,0.00104182,0.007332573,0.013202372,0.042158077
2014-05-01,0.023206225,0.044856557,0.031020974,0.005239003,0.01595464,0.007767313,0.007547863,0.001787662,0.018225096,0.017696687,0.027969069
2014-06-01,0.01577776,0.028474654,0.021795851,0.049185577,-0.014983564,-0.016890814,-0.016855784,-0.000815298,-0.001954853,0.000282626,0.001674524
2014-07-01,-0.008710347,0.014538399,0.023535258,0.005883512,-0.002115498,-0.027626858,0.005553463,-0.000793325,-0.002375598,0.001776018,0.00731365
2014-08-01,0.039463476,0.050094837,0.038426262,0.021766193,0.001802264,0.007321849,0.023036277,0.001835965,0.018755234,0.005958195,0.03472273
2014-09-01,-0.018384572,-0.009921947,-0.08127772,-0.066037773,-0.038824772,-0.044305718,-0.019987452,-0.000744552,-0.010321368,-0.024570233,-0.067385256
2014-10-01,0.028335199,0.028861774,0.033001208,-0.025089597,-0.002651211,-0.014338034,0.000903487,0.002579946,0.015262641,0.010713579,0.093377698
2014-11-01,0.027472052,0.045463471,-0.011022353,0.000668556,0.000625434,0.02067571,0.022569221,0.001063581,0.012987869,0.001591665,0.027207338
2014-12-01,-0.008011578,-0.026035275,-0.050984267,-0.036072265,-0.049226629,-0.052089022,-0.038718877,-0.003315779,-0.000160177,-0.0110364,-0.002336933
2015-01-01,-0.024273611,-0.017174898,0.002397817,-0.070868748,0.016087307,0.010655051,-0.015671326,0.007013772,0.046344055,0.032865778,0.068137842
2015-02-01,0.056204606,0.072205879,0.046569983,0.059757817,0.063377925,0.06093416,0.058396293,-0.003294672,-0.026323047,-0.012886148,-0.025975117
2015-03-01,-0.020079783,-0.025830274,-0.022248808,-0.02997846,-0.014285602,-0.029880142,-0.022120514,0.002514387,0.008628468,-0.00481857,0.002526862
2015-04-01,0.014341469,0.02156746,0.076000867,0.071375958,0.036465625,0.04833011,0.027820991,0.000248203,-0.006365276,0.006778871,-0.040357024
2015-05-01,0.012856114,0.022484533,-0.035535429,-0.046016503,0.001954589,0.00283086,0.001264946,0.000436176,-0.004064906,-0.010055875,-0.003311359
2015-06-01,-0.025054452,-0.027078696,-0.034482428,-0.039956902,-0.047268714,-0.047635838,-0.049267426,0.000294804,-0.016372883,-0.010246698,-0.052491456
2015-07-01,0.027563539,0.047982514,-0.053931906,-0.034627677,0.037545697,0.042748383,0.031720672,0.000436147,0.015222622,0.005354968,0.058937757
2015-08-01,-0.060950164,-0.068244666,-0.09864294,-0.050097597,-0.074251216,-0.070191585,-0.068473386,-0.000495029,0.000792147,-0.009498469,-0.058131718
2015-09-01,-0.030555958,-0.024446242,-0.041980393,-0.052328146,-0.044188848,-0.045604333,-0.027547398,0.00292575,0.015762567,-0.007976581,0.006668532
2015-10-01,0.09070085,0.116408319,0.06735307,0.034782609,0.066120009,0.063855069,0.09119814,-0.001411503,-0.006320031,0.005213978,0.07216435
2015-11-01,0.003655111,0.006088273,-0.022961819,-0.022268725,-0.007527383,-0.012480641,-0.003841081,-0.002595279,-0.004279656,-0.000882048,-0.00199069
2015-12-01,-0.023096588,-0.01894387,-0.039071937,-0.07606368,-0.031821935,-0.030138126,-0.031644458,-0.002000821,-0.006098875,-0.010108502,-0.001728348
2016-01-01,-0.044131505,-0.066261263,-0.052860773,-0.0142252,-0.046879204,-0.051650108,-0.043207853,0.007520974,0.03654605,0.01568203,-0.028744632
2016-02-01,-0.0008259,-0.015653529,-0.003243538,0.034433226,-0.033345248,-0.032264687,-0.021767368,0.000588609,0.013381184,0.012208457,-0.007500202
2016-03-01,0.061789718,0.065365643,0.12528471,0.096162741,0.065821274,0.064268431,0.066903855,0.001354961,-0.00062414,0.016672443,0.089560861
2016-04-01,0.009119038,-0.028996162,0.011847121,0.071278029,0.022218351,0.033413291,0.005422611,0.000317972,-0.001663718,0.002093286,-0.004973322
2016-05-01,0.01701161,0.043700108,-0.032350206,-0.036220647,-0.00085571,-0.005013968,0.009957142,-0.001165461,-0.000933113,-0.006440934,0.022074561
2016-06-01,-0.001715661,-0.025375767,0.042307126,0.001225565,-0.043850597,-0.059463906,-0.018348581,0.006000178,0.03085367,0.022165494,0.052907168
2016-07-01,0.041861549,0.074362244,0.05836617,0.037940767,0.061146425,0.055308236,0.05459861,-0.000453594,0.002551374,0.002287505,0.045909702
2016-08-01,0.001197455,0.010500671,0.007829143,0.002773428,0.005341082,0.006835122,0.006997578,-0.002348525,-0.010112565,-0.002981512,-0.033489369
2016-09-01,-0.004968245,0.019580962,0.008036201,0.015013643,0.013367588,0.002468867,0.001737578,0.001304961,0.002384972,0.007852548,-0.023019576
2016-10-01,-0.012373219,-0.012103299,0.015301687,-0.013234712,-0.022154678,-0.030083346,-0.011072724,-0.000470407,-0.014901145,-0.001812251,-0.041536628
2016-11-01,0.036838434,0.004359285,-0.040530057,0.02603578,-0.017813814,-0.023399091,0.009847579,-0.004723666,-0.04232886,-0.020714821,-0.023355781
2016-12-01,0.014293241,0.008340485,-0.012147825,0.005382401,0.016552293,0.044217198,0.024846287,8.63588E-06,-0.002784742,-0.002556171,0.027922258
2017-01-01,0.023894312,0.0545103,0.062676084,0.049775248,0.043591342,0.034546629,0.024942517,0.002383193,0.005208728,0.011099181,0.01534406
2017-02-01,0.039291703,0.043750472,0.022462636,-0.018027854,0.011906854,0.005875256,0.032536202,-0.000236346,0.005711674,0.004116328,0.043743806
2017-03-01,-0.003087239,0.018150983,0.026622191,0.007118705,0.032316861,0.038670652,0.01805938,0.000603499,0.000946877,0,-0.023877692
2017-04-01,0.014319968,0.029406712,0.017416849,-0.023065561,0.024241357,0.044610067,0.014803108,0.001823375,0.010952789,0.00314004,0.015235923
2017-05-01,0.014112815,0.038973636,0.009915972,-0.003807925,0.035423167,0.049085389,0.030379766,0.00068676,0.008272418,-0.00151931,-0.001140533
2017-06-01,0.001490988,-0.025833411,0.002209033,0.022935686,-0.013018449,-0.019035615,-0.014508057,-0.000804551,-0.005122187,-0.008451587,0.011796022
2017-07-01,0.025531168,0.043447961,0.060008693,0.051086943,0.043152932,0.042862645,0.035522959,0.001823042,0.00378495,0.004287023,0.020155624
2017-08-01,0.00291764,0.020735962,0.029993301,-0.001075199,-0.000448263,0.000705539,0.00593429,0.001976962,0.01452217,0.0110489,0.006694846
2017-09-01,0.015111703,-0.005130143,-0.016478686,0.038392466,0.02361736,0.028022562,0.020589945,-0.001878372,-0.014368906,-0.007177895,-0.016256132
2017-10-01,0.028643744,0.048353694,0.036334267,-0.00518309,0.016793191,0.008616306,0.032188459,-0.000926747,-0.001885673,0.004013121,0.009049403
2017-11-01,0.030565879,0.019717469,-0.003360891,0.005210094,0.006893789,-0.000511941,0.016471035,-0.002221771,-0.002844665,-0.000632095,0.025650645
2017-12-01,0.006980819,0.003931733,0.032149274,0.024187969,0.002852548,0.009902916,0.000432119,-0.00133693,0.000315412,0.005444313,-0.011711528
2018-01-01,0.061758623,0.089844979,0.090760325,0.021003986,0.061344327,0.061946234,0.060172917,-0.000804783,-0.018487142,-0.002736337,-0.019960653
2018-02-01,-0.036360351,-0.012927846,-0.053571461,-0.069946352,-0.048347728,-0.061459656,-0.042321414,-0.002033276,-0.010938767,-0.010520833,-0.066573203
2018-03-01,-0.031290324,-0.042341992,-0.004028018,-0.008276471,-0.008396408,-0.008356035,-0.02113053,0.002469433,0.011628432,0.010284014,0.029183035
2018-04-01,0.009193979,0.006688777,-0.0257811,0.020682214,0.015212581,0.026484994,0.010409677,-0.002442559,-0.012903345,-0.003892236,0.010565134
2018-05-01,0.024309254,0.056729111,-0.023423726,0.021685138,-0.018942509,-0.024242474,0.007265955,0.003410802,0.009676606,0.001432501,0.033712402
2018-06-01,0.00125491,0.00929034,-0.054023764,-0.00800282,-0.035014417,-0.031573421,-0.01270452,0.000158508,0.001881778,0.0079333,0.030566493
2018-07-01,0.041703022,0.030164055,0.046547139,0.032578288,0.048955807,0.054516887,0.056864693,-0.000650009,-0.005160643,-0.006156561,0.018126273
2018-08-01,0.031919919,0.057806883,-0.041932401,-0.014036223,-0.022357772,-0.028256572,0.016948895,0.003367363,0.010026715,0.006076973,0.023753784
2018-09-01,0.001412295,-0.004607647,-0.024738428,-0.000694417,0.009652684,-0.003191453,0.004321203,-0.001343264,-0.012092478,-0.008967505,-0.037989725
2018-10-01,-0.064890344,-0.0843123,-0.065904304,-0.078874283,-0.081335626,-0.075401379,-0.058184818,0.001454023,-0.003039435,-0.012690964,-0.014274417
2018-11-01,0.018549278,-0.002649823,0.048336082,0.00490377,0.004963353,-0.006759314,0.006308277,0.003701162,0.013169295,0.004868116,0.046985098
2018-12-01,-0.093342853,-0.089213075,-0.040060466,-0.100600531,-0.063565492,-0.054637255,-0.083441242,0.006212572,0.025978649,0.003035161,-0.083639169
2019-01-01,0.086372746,0.093226555,0.104139279,0.147849498,0.077813715,0.073821178,0.074822209,0.005659507,0.010719609,0.017399731,0.121347416
2019-02-01,0.032415407,0.029911938,-0.003829532,0.029574869,0.025366878,0.031617491,0.028811957,-0.000954371,-0.007341439,-0.001710771,0.007301956
2019-03-01,0.013636001,0.037357722,0.021143737,-0.007540439,0.00918013,0.001868826,0.024342994,0.006242488,0.026742941,0.019751298,0.034343333
2019-04-01,0.045437117,0.056912838,0.023417058,0.032923325,0.029293775,0.04513614,0.039958024,0.001722992,-0.005317169,0.002210896,0.006658148
2019-05-01,-0.063771079,-0.082251772,-0.063810244,-0.042732003,-0.050329484,-0.056722191,-0.061678408,0.007313899,0.030529139,0.017207878,-0.00149413
2019-06-01,0.064409384,0.073526836,0.04650597,0.047200892,0.036750868,0.044719329,0.052586053,0.004464853,0.012218132,0.002218219,0.005065098
2019-07-01,0.020056823,0.025610734,-0.011337725,0.001001897,0.001678961,-0.00849864,0.017130578,-0.000479258,0.00059357,0.003397682,0.031693002
2019-08-01,-0.016743666,-0.018995416,-0.032566883,-0.007044655,-0.01923974,-0.016457897,-0.021220162,0.007885111,0.039494991,0.026351679,0.034343839
2019-09-01,0.014771932,0.007147851,-0.003465505,0.0251862,0.03164061,0.01939524,0.030852645,-0.00128468,-0.011762654,-0.0092384,0.011680889
2019-10-01,0.026824751,0.045905523,0.052609882,-0.004152203,0.033890376,0.044645768,0.029726868,0.003254328,0.002025519,-0.001477208,0.014888324
2019-11-01,0.036198094,0.040694108,0.005018155,0.029534377,0.011272883,0.012933331,0.027887007,-0.000528432,-0.006844768,0.004450219,-0.011245622
2019-12-01,0.024020841,0.036616264,0.057299032,0.008774859,0.018480305,0.039191301,0.030569346,-3.29073E-06,-0.010622544,0.001805125,-0.001287267
2020-01-01,0.004510831,0.032618272,-0.043354864,0.005994131,-0.017278352,-0.025348048,0.01198601,0.009015363,0.037610623,0.02323095,0.026041475
2020-02-01,-0.079165742,-0.060574245,-0.035467659,-0.070104453,-0.077652722,-0.079591375,-0.085334295,0.00716653,0.028235514,0.008147189,-0.075816834
2020-03-01,-0.129987341,-0.074829951,-0.172013896,-0.208046342,-0.141066832,-0.171991695,-0.098142254,0.012570449,0.037380431,-0.01652984,-0.204004601
2020-04-01,0.133610652,0.152187542,0.080105504,0.111212691,0.058174334,0.071485528,0.11083751,0.002962356,0.002761217,0.028748193,0.103691077
2020-05-01,0.047645311,0.066008896,0.032900288,0.035420122,0.054269077,0.058389265,0.032251478,-0.000390325,0.003408631,0.005540249,0.018014515
2020-06-01,0.013275254,0.061021604,0.060224837,0.029435132,0.020623695,0.032198571,0.030658134,0.000252787,0.000478335,0.012338992,0.017954115
2020-07-01,0.063551937,0.075332065,0.090493538,0.065964436,0.033856221,0.043714881,0.055187549,0.001039414,0.008640183,0.023252071,0.048155141
2020-08-01,0.06979675,0.109447165,0.027435463,0.051263308,0.047220038,0.04312818,0.077606527,-0.000103798,-0.009610911,0.008898729,0.002315331
2020-09-01,-0.0412813,-0.057786071,-0.021497971,-0.045280356,-0.020467883,-0.03656744,-0.052666981,-3.53995E-07,0.00336825,-0.003780112,-0.029300982
2020-10-01,-0.021030412,-0.030449237,0.02306026,-0.034294055,-0.035506681,-0.048867896,-0.0310835,-0.000358951,-0.013733326,-0.010039568,-0.023295502
2020-11-01,0.108776916,0.112257634,0.085596952,0.143936573,0.1426942,0.163944463,0.110540807,0.000231064,0.003399338,0.012841299,0.085795403
2020-12-01,0.032646505,0.047126364,0.053616462,0.018494079,0.040057101,0.043658988,0.038461499,0.000103999,-0.003023734,0.012300032,0.017704354
2021-01-01,-0.005971209,0.004430992,0.0375735,0.004522759,0.001819806,0.003491135,0.007215931,0.000984394,-0.009660311,0.003901214,0.002850991
2021-02-01,0.027805462,-0.001335172,0.015673398,0.051307122,0.022378758,0.025795652,0.017164703,-0.000925957,-0.02427506,-0.016876357,0.024273001
2021-03-01,0.041986562,0.015884652,-0.00838264,0.058439496,0.025131725,0.028739357,0.031406306,-0.000463894,-0.023805292,-0.002622515,0.05254725
2021-04-01,0.05635895,0.060435815,0.019179814,0.045815076,0.029524228,0.052289322,0.048780425,0.000602847,0.009997018,0.0118725,0.084178939
2021-05-01,0.006566054,-0.012012196,0.016987578,0.06346523,0.034822642,0.044538668,0.010833472,0.000683977,0.004219318,0.008553027,0.010081655
2021-06-01,0.019093391,0.061390049,0.007980717,-0.015843577,-0.024124756,-0.024510435,0.01443263,-0.001714609,0.010183586,0.005957968,0.017466802